ProductName,Category,SubCategory
onion  loose ,0,0
potato,0,0
tomato   hybrid  loose ,0,0
tomato   local  loose ,0,0
carrot   orange  loose ,0,5
ladies finger  loose ,0,12
ridge gourd,0,25
coccinia  loose ,0,26
palak    g ladies finger    g cucumber  kg capsicum green    g bottle gourd  pc,0,28
radish   white  loose ,0,5
brinjal   bottle shape  loose ,0,12
methi venthaya keerai   cleaned  without roots,0,28
garlic  loose ,0,35
ginger  loose ,0,35
brinjal bottle shape     g   cauliflower   pc   cabbage   pc,0,12
carrot   ooty  loose ,0,5
fresho palak   without root     gm   amul malai paneer     gm,0,28
chilli   green long  medium  loose ,0,35
curry leaves,0,41
bitter gourd  loose ,0,25
mint leaves   cleaned  without roots,0,28
brinjal   varikatri  loose ,0,12
amla  loose ,0,43
beans   broad  loose ,0,12
garlic   peeled,0,47
coconut   large,0,48
drumstick moringa,0,25
garlic   organically grown  loose ,0,42
pomegranate   peeled,0,56
amaranthus   red cleaned  without roots,0,28
beans   cluster  loose ,0,12
colocasia  loose ,0,5
watermelon   organically grown  loose ,0,64
snake gourd,0,25
pumpkin   organically grown  loose ,0,42
beetroot   organically grown  loose ,0,42
bitter gourd   organically grown  loose ,0,42
pineapple,0,71
dill leaves,0,41
sambar onion   peeled  small onion ,0,47
amaranthus   green cleaned  without roots,0,28
green peas   peeled,0,47
cabbage   organically grown  loose ,0,42
pumpkin   disco,0,25
mint   organically grown,0,42
chilli   bajji  mild  loose ,0,35
lemon grass,0,41
farm eggs   table tray  medium  antibiotic residue free,1,1
eggs   regular,1,1
chicken breast   boneless  antibiotic residue free    to   pcs,1,34
chicken breast   boneless  antibiotic residue free    to   pcs,1,34
chicken curry cut without skin     g   chicken breast   boneless     g,1,34
chicken curry cut without skin     g   mutton   curry cut     g,1,34
chicken curry cut without skin     g   chicken drumstick without skin     g,1,34
chicken   kg   bb royal biryani basmati rice   extra long   kg pouch,1,34
fresho meat chicken curry cut without skin  kg   everest chicken masala    g,1,34
fresho chicken curry cut without skin   kg   kara coconut milk   classic     ml,1,34
chicken curry cut without skin     g   chicken seekh kabab nawabi     g,1,34
chicken curry cut without skin     g   sardine fish large whole cleaned     g,1,34
chicken curry cut without skin     g   chicken seekh kabab malai n cheese     g,1,34
chicken curry cut without skin     g   mutton seekh kabab regular     g,1,34
chicken curry cut without skin   mutton   curry cut   rohu fish large curry cut,1,34
chicken curry cut   with skin  antibiotic residue free        pcs,1,34
mutton   curry cut  from whole carcass antibiotic residue free  growth hormone free       pcs,1,68
mutton   curry cut  antibiotic residue free  growth hormone free    to   pcs,1,68
chicken breast   boneless     g   chicken drumstick without skin     g,1,34
chicken   mince  antibiotic residue free,1,34
rohu fish large   curry cut bengali cut with head   tail  preservative free,1,72
rohu cut pieces   preservative free      pcs,1,72
chicken liver   antibiotic residue free     to    pcs,1,34
chicken breast   boneless     g   chicken seekh kabab regular     g,1,34
chicken breast   boneless     g   chicken seekh kabab malai n cheese     g,1,34
chicken leg   without skin  antibiotic residue free      pcs,1,34
chicken leg   without skin,1,34
chicken drumstick   without skin  antibiotic residue free      pcs,1,34
chicken drumstick   without skin  antibiotic residue free    to    pcs,1,34
basa fish fillet   fresh chilled  preservative free,1,72
chilli chicken pieces   boneless  antibiotic residue free    to   pcs,1,34
chilli chicken pieces   boneless  antibiotic residue free     to    pcs,1,34
chicken   gizzard,1,34
chicken   soup pieces,1,34
mutton   curry cut     g   chicken drumstick without skin     g,1,68
catla fish   large  curry cut bengali cut with head   tail  preservative free        pcs,1,72
mutton   curry cut   kg   bb royal biryani basmati rice   kg pouch,1,68
rohu fish large curry cut  kg  chilli chicken boneless    g  chicken mince    g,1,72
mutton   curry cut     g   chicken seekh kabab nawabi     g,1,68
mutton   curry cut     g   chicken seekh kabab punjabi     g,1,68
mutton   curry cut     g   mutton seekh kabab regular     g,1,68
kolkata bengali pabda fish   whole cleaned,1,72
chicken thigh   boneless without skin  soft   tender,1,34
chicken mixed boneless,1,34
chicken thigh,1,34
chicken thigh with bone   antibiotic residue free  growth hormone free,1,34
chicken biryani cut  kg    chicken chilli pieces boneless     g,1,34
basa fillet  kg   malabar prawns    g,1,113
chicken   lollipop  antibiotic residue free     to    pcs,1,34
chicken   lollipop  antibiotic residue free     to    pcs,1,34
white prawns   medium  unpeeled        pcs,1,115
chicken   biryani cut     to    pcs,1,34
white prawns   jumbo  peeled   deveined        pcs,1,115
kolkata bengali tengra fish   whole cleaned,1,72
fish   katla  head,1,72
kolkata bengali hilsa fish   cut pieces  large,1,104
lush hariyali chicken tikka   fresh   juicy  marinated  ready to cook,1,113
tandoori chicken   fresh   juicy  marinated  ready to cook,1,113
kolkata bengali chitol peti fish,1,72
chicken malai tikka   fresh   juicy  marinated  ready to cook,1,113
mutton   biryani pieces  antibiotic residue free  growth hormone free     to    pcs,1,68
mutton   biryani pieces     to    pcs,1,68
basa cubes   boneless  fresh   flavourful,1,72
kolkata bengali saral puti fish   whole  uncleaned,1,72
tilapia fish   curry cut,1,104
desi rohu fish steak   fresh   juicy  marinated  ready to cook,1,113
chicken   thigh boneless  without skin,1,34
kolkata bengali kachki fish   whole  uncleaned,1,72
kolkata bengali kachki fish   whole uncleaned,1,72
peri peri chicken wings   fresh   juicy  marinated  ready to cook,1,113
chicken drumsticks   with skin  fleshy   tender,1,34
peri peri prawns   fresh   juicy  marinated  ready to cook,1,113
roopchanda fish   curry cut,1,72
bbq pepper chicken cubes   fresh   juicy  marinated  ready to cook,1,113
mutton goatkid   curry cut  from whole carcass  tender   juicy,1,68
mutton goatkid   curry cut  from whole carcass    to   pcs,1,68
mixed chicken pieces   boneless  antibiotic residue free     to    pcs,1,34
kolkata bengali koi fish   whole cleaned,1,72
kolkata bengali koi fish   whole cleaned      pcs,1,72
mutton paya   antibiotic residue free  growth hormone free  set of  ,1,68
mutton lamb   boneless  perfect for curries  fresh   tender     to    pcs,1,68
shahi mughlai plater,1,113
chicken seekh kabab malai n cheese,1,124
creamy afghani chicken tikka   fresh   juicy  marinated  ready to cook,1,113
kolkata bengali pabda fish   whole  uncleaned,1,72
kolkata bengali parshe fish   whole cleaned      pcs,1,104
mutton goat kid   leg pieces  fresh   tender,1,68
chicken seekh kabab punjabi,1,124
honey mustard fish   fresh   juicy  marinated  ready to cook,1,113
mutton lamb   biryani pieces    to   pcs,1,68
mix party plater,1,113
mutton fat,1,68
tandoori chicken wings   fresh   juicy  marinated  ready to cook,1,113
amritsari achari fish tikka   fresh   juicy  marinated  ready to cook,1,113
amritsari achari chicken tikka   fresh   juicy  marinated  ready to cook,1,113
atlantic salmon fish,1,104
chicken hariyali lollypop   fresh   juicy  marinated  ready to cook,1,113
peri peri chicken drumstick   fresh   juicy  marinated  ready to cook,1,113
chicken seekh kabab lime n pudina,1,124
bbq pepper exotic whole chicken wings with skin   fresh   juicy  marinated  ready to cook,1,113
mutton goatkid   boneless  perfect for curries    to    pcs,1,68
kolkata bengali chara pona fish   whole cleaned,1,72
kolkata bengali chara pona   whole cleaned,1,72
mutton goat kid   biryani pieces  juicy   tender    to   pcs,1,68
kolkata bengali bata fish   whole  uncleaned,1,72
mutton paya  legs   cleaned  for curry   soup,1,68
classic hariyali rohu fish steak   fresh   juicy  marinated  ready to cook,1,113
pangas  basa fish   curry cut cubes  fresh   flavourful,1,72
exotic international plater,1,113
mutton goatkid   rewaji  fresh   flavourful,1,68
catla fish   steaks  fresh   flavourful,1,72
mutton lamb   curry cut  from whole carcass  fresh   tender    to   pcs,1,68
catla cut pieces  without head preservative free,1,72
prawns peeled   deveined    g   peri peri prawns    g,1,113
bbq pepper fish   fresh   juicy  marinated  ready to cook,1,113
rohu steaks fish   large  fresh   flavourful,1,72
chicken burger patty   crunchy outside  juicy inside  with natural ingredients  no preservatives,1,113
mackerel fish whole cleaned  kg   honey mustard fish    g,1,113
white prawns   fresh  peeled   de veined,1,72
white prawns   peeled  tail on,1,115
crispy fish fillet   crunchy outside  juicy inside  with natural ingredients  no preservatives,1,113
tandoori catla fish steak   fresh   juicy  marinated  ready to cook,1,113
mutton goat kid   ribs chop  fresh   flavourful     to    pcs,1,68
mutton goat kid   ribs chop  fresh   tender,1,68
desi catla steak   fresh   juicy  marinated  ready to cook,1,113
breaded torpedo prawns   crunchy outside  juicy inside  with natural ingredients  no preservatives,1,113
mutton shami kabab,1,124
squid,1,139
chicken   thigh  without skin,1,34
indian salmon fish   gurjali,1,104
white prawns with shell   jumbo whole  uncleaned        pcs,1,115
kolkata bengali ayre fish small   curry cut,1,104
kolkata bengali aar ayre fish   small  curry cut,1,104
mutton goat kid   steak  fresh   tender    to   pcs,1,68
mutton lamb   ribs chop  fresh   tender,1,68
mutton lamb ribs chop,1,68
mutton lamb shanks   fresh  fleshy  juicy   tender pieces,1,68
mutton lamb rack   fresh  fleshy  juicy   tender pieces,1,68
mutton goat kid shanks   fresh  cleaned succulent   tender,1,68
rohu   curry cut  bengali cut without head,1,72
crab   red  cleaned   whole cut,1,139
prawns dvc   medium,1,150
fresho mutton lamb steak   tender   juicy,1,68
mutton lamb steak   tender   juicy     to    pcs,1,68
crispy fish finger   crunchy outside  juicy inside  with natural ingredients  no preservatives,1,113
white pomfret fish medium   whole cleaned  preservative free    to   pcs,1,104
mutton lamb neck,1,68
malabar style pomfret steak   fresh   juicy  marinated  ready to cook,1,113
norwegian salmon   portions skin on,1,150
kolkata bele fish   whole cleaned,1,72
kolkata bengali galda fish   processed small,1,115
kolkata bengali bhola fish   small whole  uncleaned,1,72
kolkata bengali japani puti fish   whole  uncleaned,1,72
tandoori pomfret whole   pre marinated  ready to cook,1,113
kolkata bengali hilsa fish   medium,1,104
kolkata bengali bhola small   whole cleaned      pcs,1,72
bele fish whole b,1,72
kolkata bengali bele fish   whole cleaned,1,72
kolkata bengali japani puti fish   whole cleaned,1,72
crispy chicken pops   crunchy outside  juicy inside  with natural ingredients  no preservatives,1,113
crispy chicken supreme   juicy texture  with natural ingredients  no preservatives,1,113
crispy chicken wings   juicy texture  with natural ingredients  no preservatives,1,113
chicken   drumstick  with skin,1,34
yellofin tuna steaks,1,104
king fish cobia cubes,1,104
king fish cobia steaks,1,104
fish chettinad cubes   fresh   juicy  marinated  ready to cook,1,113
squid   medium,1,139
atta godihittu   whole wheat,2,2
rice akki   raw  sona masoori        months old,2,8
rice akki   raw  sona masoori,2,8
cumin jeera jeerige   whole,2,13
sun lite   sunflower refined oil,2,15
chana dal kadale bele,2,19
maida,2,20
green moong whole hesaru kaalu   sabut,2,19
poha avalakki aval chivda thick   flattened   beaten rice   makers breakfast    teatime snacks,2,22
urad dal uddina bele   split,2,23
mustard sasive rai   small,2,13
organic   almond badam,2,24
bansi sooji,2,20
organic   brown sugar sakkare,2,29
besan fine kadale hittu,2,20
rice   flour,2,30
moong dal hesaru bele,2,19
idli rice,2,31
atta sharbati      mp whole wheat  rotis stay softer for longer,2,2
superior mp sharbati atta godihittu   fortified,2,2
urad   whole gota,2,23
gold   pro healthy lifestyle edible oil,2,37
mustard sasive rai   big,2,13
avalakki  medium   flattened   beaten rice   makers breakfast    teatime snacks,2,22
sooji   ordinary    kg   besan flour    kg   maida    kg,2,20
sooji   ordinary    kg   besan flour    kg   maida   kg,2,20
organic   sugar sakkare,2,29
chana   brown kadale kaalu,2,19
organic jaggery bella powder,2,29
red chilli with stem     gm   coriander seeds     gm   cumin   whole     gm,2,13
coriander seeds kottambari beeja,2,13
coriander   dhania seeds,2,13
chiroti sooji   kg   ordinary sooji   kg   bansi sooji   kg,2,20
cardamom green elakki,2,40
organic   cardamom green elakki,2,40
black pepper kari menasu,2,13
tamarind imli   deseeded,2,13
phool makhana,2,13
white thick poha   high in fibre  for breakfast   evening tea,2,22
organic   sona masoori raw rice akki,2,45
organic   sona masoori raw rice,2,45
rice akki   dosa,2,8
idli   sooji,2,20
idli sooji rava,2,20
rice   idli   kg   urad gota   whole   kg   fried gram bengal gram     gm,2,31
roasted sooji rava,2,20
almond badam   californian  giri,2,46
organic   sona masoori raw rice    kg   brown sugar   kg  toor dal   kg,2,45
sabudana   white  medium,2,22
olive oil for indian cooking   frying   baking,2,50
organic   sona masoori raw rice     kg   toor dal  kg   sugar  kg,2,51
cashew kaju whole    gm   raisins indian    gm almond californian  giri    gm,2,53
cashew godambi   split,2,53
jaggery bella round,2,54
cashew godambi   whole,2,53
organic   chana brown kadale kaalu,2,51
wheat dalia lapsi rava,2,20
organic   moong dal hesaru bele  unpolished,2,51
organic   brown rice   kg   organic   tur toor dal  kg   organic   sugar  kg,2,51
bb royal idli rice   urad dal   dosa rice  each  kg ,2,8
cow desi ghee tuppa,2,57
cashew kaju whole small w       g   raisins kishmish   indian    g,2,52
bbpopular cashew whole   almond californian giri     g    bbroyal dry dates    g,2,53
organic   walnut kernels akharot,2,24
organic walnut kernels akharot,2,24
white peas bili batani,2,23
poha avalakki aval chivda   thick  x kg   peanuts   raw  kg,2,22
peas matar   green,2,23
bb popular almond badam   californian  giri     gm   bb royal honey   kg,2,46
organic   poha medium,2,45
basmati rice basmati akki   rozana gold,2,59
bb royal red chilli lal mirch   gm   coriander dhania seeds    gm,2,13
bb popular channa dal   kg   urad dal   split   kg bb royal rice   dosa   kg,2,19
organic   idly idli rice akki,2,45
organic   idly idli rice,2,45
organic   ragi flour ragi hittu,2,62
organic ragi flour,2,62
green moong   split,2,19
organic   chana dal channa unpolished,2,51
raisins ona drakshi   indian,2,63
jaggery bella   kolhapuri,2,54
bbroyal pista kernel  dry dates     g   bbpopular cashew raisins almond     g ,2,52
jaggery bucket,2,54
til ellu   white,2,13
bbpopular almond californian  giri   raisins indian   bbroyal dry dates      gm ,2,46
organic   green moong whole hesaru kaalu,2,51
palakkad red matta boiled rice   unda,2,31
anjeer figs atti hannu,2,52
new rice akki   sona masoori,2,8
fortune everyday basmati rice   kg    rice bran oil  x  l pouch,2,59
organic   brown rice,2,45
organic brown rice,2,45
organic brown rice akki,2,45
fennel saunf sompu   small,2,13
bbroyal cashew whole medium w       g  almond jumbo    g  bbpopular raisins    g,2,53
walnut akhrot  kernels,2,52
organic   poha   kg   organic   raw peanuts     gm,2,45
organic   foxtail millet   italian  thinai rice,2,62
rajma capparadavare   kashmiri,2,23
ragi flour ragi hittu,2,30
kalonji mangraila,2,13
pista kernel   plain     gm   cashew whole     gm   almond   californian     gm,2,52
sona masoori raw rice akki,2,8
organic   turmeric powder arisina pudi,2,40
organic   turmeric powder,2,40
basmati rice basmati akki   super,2,59
bbroyal almond  jumbo   bbpopular cashew split  small indian raisins  each    g ,2,52
refined sunflower oil   trans fat free  healthy cooking oil,2,15
urad gota   whole,2,23
black til ellu sesame seeds,2,13
organic tamarind hunisehannu,2,40
organic sugar,2,29
organic sugar sakkare,2,29
cardamom elaichi   black,2,13
biryani basmati rice basmati akki   extra long,2,59
biryani basmati rice   extra long,2,59
brown chana,2,19
urad   black  whole sabut,2,23
organic   rice flour,2,84
organic   rice flour akki hittu,2,84
dry dates kharjura   chuwara  kharik,2,52
fried gram bengal gram,2,23
green moong   whole,2,19
organic   urad whole  gota  unpolished,2,51
organic   urad whole  gota ,2,51
basmati rice basmati akki   premium,2,59
organic   sooji rawa,2,84
pista   california  roasted   salted,2,52
chana dal,2,19
gingelly sesame cooking oil,2,57
sesame gingelly cooking oil   organic cold pressed  for stir fry recipes  salad dressing,2,57
    less calories sugar sakkare,2,54
    less calories sugar,2,91
jaggery   square,2,54
kashmiri chilly powder,2,93
coriander dhania powder,2,93
thick poha avalakki   flattened   beaten rice   makers breakfast    teatime snacks,2,22
soya chunks,2,55
besan kadale hittu,2,20
seeds   sabja,2,95
aval poha red thick   flattened   beaten rice   makers breakfast    teatime snacks,2,22
organic   anjeer figs atti hannu,2,24
organic   besan kadale hittu,2,84
organic suji,2,84
nature s super foods   ragi flour ragi hittu,2,30
almonds   roasted   salted,2,46
organic red chilli   whole,2,40
tasty refined cooking oil   blended rice bran   corn oil   pro fitness conscious,2,37
organic jowar sorghum millet,2,62
iodized crystal salt uppu,2,60
kasuri methi whole   enhances flavour,2,13
kasuri methi   enhances flavour,2,13
organic   ponni raw rice akki,2,45
kashmiri rajma capparadavare,2,23
raisins ona drakshi   netal,2,63
green peas ona batani,2,23
steam rice   kolam,2,31
organic   black pepper powder,2,40
ragi flour   high source of iron   calcium,2,30
garam masala     g   jeera powder     g,2,105
organic sonamasoori white rice akki,2,45
organic sona masoori white rice akki,2,45
cashew godambi   broken,2,53
broken wheat dalia,2,20
hazelnut,2,52
organic   quinoa,2,45
red chilli powder    g  turmeric haldi powder    g  coriander dhania powder    g,2,93
apricots jardalu,2,52
cashew godambi   roasted   salted,2,53
bengali sona masoor dal mysore bele,2,23
a  desi cow ghee,2,57
organic bilona cow ghee,2,117
cow ghee tuppa   organic bilona,2,57
dry ginger adarakh,2,13
mustard sasive   small,2,13
nylon til ellu,2,13
rice   baskati,2,31
organic roasted bengal gram whole  chana ,2,51
organic foxtail millet thinai rava,2,62
idli sooji,2,20
organic   cashew godambi broken,2,24
dried fruit   cranberries,2,52
chat masala,2,93
mustard sasive   big,2,13
dates   black  with seeds,2,52
pista   irani  roasted   salted,2,52
red chilli flakes,2,123
organic rajma capparadavare sharmili,2,51
natives chia seeds,2,52
natural jaggery bella powder,2,54
chicken masala powder   exotic  spices blend  for cooking,2,105
chicken masala,2,105
ginger garlic adrak lehsun paste   thick   grainy  no artificial colours,2,92
misri   diamond sugar,2,54
garam masala     g  sabzi masala     g,2,105
sabzi masala,2,105
kasuri methi,2,13
basmati rice   super premium,2,59
malabar black pepper powder,2,93
chhole masala with no garlic   onion   adds flavour   aroma,2,105
marathi moggu,2,13
amritsari chhole masala,2,105
fennel delight,2,95
madrasi saunf mouth freshener   helps boost immunity   digestion,2,95
macadamia nuts,2,52
refined olive oil,2,50
garlic paste,2,92
garlic paste   no added colours,2,92
meat masala powder   exotic  spices blend  for cooking,2,105
tit bit mouth freshener   helps boost immunity   digestion  rich in vitamin c,2,95
wheat maida   refined   bleached,2,84
ginger paste   thick   grainy texture  aroma protected,2,92
spanish corn   roasted   salted,2,52
crispy dal mukhwas mouth freshener   helps boost immunity   digestion,2,95
chocolaty mix mouth freshener   helps boost immunity   digestion,2,95
chicken tandoori masala,2,93
paneer masala,2,93
pani puri masala,2,93
coconut oil   cold pressed  organic  great for skin  hair  improves metabolism,2,57
whole wheat flour,2,84
white sesame oil,2,57
moong split   washed,2,51
panchrangi dal,2,51
jammu rajma capparadavare,2,51
brown sugar sakkare,2,29
organic   red rice flour akki hittu,2,84
olive oil   extra virgin,2,50
jeera   powder,2,93
olive oil   extra light,2,50
peri peri seasoning,2,123
organic   mustard sasive rai big,2,40
jaggery   rich in iron  treats anemia,2,54
pav bhaji masala   adds flavour   aroma,2,105
organic   extra virgin olive oil,2,57
chana masala   adds flavour   aroma to dishes,2,105
certified organic sesame oil  ,2,153
rice   ponni  boiled,2,31
boiled rice beyisida akki   rajabogham deluxe,2,31
organic coconut oil,2,57
green mung,2,19
kashmiri rajma masala,2,105
organic raw jackfruit flour   may reduce blood sugar levels,2,84
kitchen king masala,2,93
pav bhaji masala,2,93
awadhi kadhai veg masala,2,105
olive pomace oil,2,50
dal makhani masala   enhances flavour,2,105
nature s superfoods multi millet mix   rich in dietary fibre,2,30
nature s superfoods gluten free flour   rich in dietary fibre  protein  magnesium   iron,2,30
ponni raw rice akki   super premium,2,8
atta with   multigrains high fibre and high protein soft rotis,2,2
multigrain atta   fortified,2,2
atta with   multigrains  high fibre   high protein soft rotis,2,2
masala   biryani,2,105
green      natural made from stevia,2,91
organic   cashew godambi whole bold,2,24
organicjaljiramasala,2,40
arhar toor dal or yellow pigeon peas,2,51
urad white whole gota   rich source of vitamin b complex,2,51
organic   kodo millet varagu rice flour akki hittu,2,62
cassia   split,2,13
rajma chitra,2,23
organic   little millet samai rice flour akki hittu,2,62
organic fennelseeds,2,40
secret schezwan fried rice masala,2,105
kurva boiled rice,2,31
nature s super foods organic urad dal split uddina bele,2,51
black pepper kali mirch        natural,2,40
chana besan   best for indian snacks   dishes,2,84
organic raw virgin coconut oil   healthiest oil in the world,2,57
himalayan pink rock salt   for daily use  no chemicals,2,40
moong whole   high nutritional value   rich in protein,2,51
mustard oil   cold pressed  pure kachi ghani       natural,2,57
organic barley,2,45
awadhi kadhai chicken masala,2,105
long grain rice,2,59
organic sweet potato flour   good for digestive health   blood sugar management,2,84
green mukhwas mouth freshener   helps boost immunity   digestion,2,95
ice cream mukhwas mouth freshener   helps boost immunity   digestion,2,95
tini mini mouth freshener   helps boost immunity   digestion,2,95
mini mints mouth freshener,2,95
green magic mouth freshener,2,95
raisins ona drakshi   afghan,2,63
cocktail candy,2,95
mazedar mango,2,95
bajra flour,2,84
kashmiri mirch powder   traditionally sundried   cleaned,2,93
soybean flour,2,84
turmeric powder arisina pudi,2,40
tea,3,3
tender coconut water   no added sugar  flavours,3,9
tea   natural care,3,3
rich   flavourful tea,3,3
assam teas with gently rolled aromatic long leaves  rich   aromatic chai  black tea,3,3
sunrise rich aroma,3,16
sunrise instant coffee   chicory mix  rich in aroma   flavour,3,16
sunrise instant coffee,3,16
black soft drink   max taste  zero sugar diet ,3,21
cold extracted juice   valencia orange,3,44
emperia premium tea  kg bb royal refined sugar  sulphurless   kg,3,3
fruit power juice   litchi,3,9
fruit power   litchi,3,9
grand filter coffee,3,61
filter coffee   grand  rich   aromatic,3,61
cold extracted juice   sugarcane,3,44
cold extracted juice   basics  sugarcane,3,44
apple carrot beetroot juice   cold pressed  no added sugar  preservative free,3,44
kadak tea,3,3
instant drink mix   lemon,3,90
cold extracted juice   mixed fruit   lt   sugarcane   lt,3,44
cold extracted juice   pomegranate,3,44
     natural cold pressed juice   pomegranate,3,44
aamras mango fruit juice,3,9
aamras juice,3,9
cold extracted juice   grapefruit,3,44
mango        natural cold pressed juice,3,44
rakshan green tea   supports strong immunity,3,138
magic milk mix   berry blast  high in protein  fibre   iron  sugar free,3,141
nilgiri oolong tea   wa  may help in managing weight,3,148
darjeeling green tea bags   ahina long leaf  helps to detox,3,149
nilgiri green tea   seiki peppermint  helps to feel relaxed   refreshed,3,138
vita punch mixed fruit drink   with vitamin c to help boost immunity,3,9
millet milk mix combo   chocolate swirl   berry blast  high protein  no maida  no refined sugar,3,141
nilgiris green tea   kozan spearmint  helps to feel relaxed   refreshed,3,149
instant coffee   speciale,3,16
vedic suraksha green tea   with herbs  boosts immunity,3,138
nilgiris green tea   anicca chamomile  helps to relax   calm,3,138
assam black tea   dravak second flush  provides energy,3,149
masters blend tea  rich taste,3,3
organic tea   infusion  pure tulsi,3,149
organic tulsi ginger   turmeric,3,149
kumud oolong tea   may help in weight management  easy to digest,3,138
nilgiris green tea   anicca chamomile  helps to feel relaxed   calm,3,149
green tea   zoho  lemongrass,3,138
darjeeling spring first flush black tea,3,3
instant drink mix   orange  with   popsicle moulds,3,90
non alcoholic beverage   low calorie  healthy drink with l theanine,3,173
turmeric green tea   provides glowing skin   boosts immunity,3,148
darjeeling summer second flushblack tea,3,3
organic vanilla spiced long leaf chai,3,3
sharbat   paan  syrup,3,90
cocoa matcha green tea powder        pure japanese ground,3,3
rajwadi kadak masala chai tea   immunity booster,3,3
organic tulsi ginger herbal infusion tea bag,3,149
organic recover turmeric elixir   improves overall health,3,149
darjeeling black tea   bodh second flush  provides energy,3,148
paneer   premium fresh,4,4
goodlife uht treated toned milk,4,14
pasteurised butter,4,17
butter   pasteurized,4,17
farm fresh curd dahi   premium  no preservatives,4,18
almond drink   unsweetened  dairy free,4,67
dark fantasy chocolate milkshake   with real belgian chocolate  thick   creamy,4,74
chocolate milkshake   with zinc  vitamin a   d added  immunity booster,4,74
soya drink sugar free,4,74
natural soy drink  tetra pak ,4,67
soya drink vanilla,4,74
vanilla soy drink  tetra pak ,4,67
vanilla milkshake   with real vanilla extracts  creamy   smooth,4,74
cheese slice,4,87
butter   pasteurised,4,17
vanilla milkshake   with zinc  vitamin a   d added  immunity booster,4,74
strawberry milkshake   with zinc  vitamin a   d added  immunity booster,4,74
cheese slices   made from cow milk     g   cheese spread   cream cheese     g,4,87
chocobakes choc filled cookies,4,103
soya drink chocolate,4,74
bar cake   vanilla,4,108
rusk   milk,4,109
rusk milk,4,109
khari   maska,4,110
french yogurt   mango,4,116
khari   jeera,4,110
ready to drink protein milkshake   cold coffee,4,74
soya drink kesar pista,4,67
jeera ajwain rusk,4,109
curd   premium,4,18
premium curd   natural source of calcium,4,18
deliciously french yogurt   natural  probiotic rich  creamy   thick  no preservatives,4,116
soyabean tempeh cubes   rich in protein   fibre  low carb snack,4,4
oreo   cr me frozen dessert,4,118
cake rusk   plain      g   tgl co kadak masala chai instant premix tea      g,4,109
chocolate milkshake   with zinc  vitamin a   d added  supports immunity,4,74
strawberry milkshake with real strawberry pulp,4,74
triple chocolate mousse,4,130
soyabean tempeh cubes   peppery szechuan chilli  pack of  ,4,4
chilli garlic grissini breadsticks        wholewheat,4,132
bread sticks   plain,4,132
spicy cheese straw,4,132
masala lavash,4,132
kaju butterscotch milkshake   with zinc  vitamin a   d added  supports immunity,4,74
vanilla milkshake   with zinc  vitamin a   d added  supports immunity,4,74
assorted cookies,4,103
classic vanilla cake mix,4,108
cafe select   cookie n cake,4,108
garlic   herb croutons bites,4,158
cookies   peanut butter  eggless,4,121
mini cookies   cardamom,4,103
cake rusk   chocolate,4,109
dreams cup cake   butter,4,166
khatai   mango,4,103
coconut macaroon cookies   crispy  crunchy,4,103
mocha cookies   soft  chewy  thick,4,103
rusk   suji   elaichi,4,109
rusk   muesli,4,109
processed cheese slices   made from cow milk  easy to use,4,87
salted butter   no added preservatives   chemicals,4,17
blueberry mousse,4,130
strawberry milkshake   with zinc  vitamin a   d added  supports immunity,4,74
english short bread   vanilla,4,121
butter cashew cookies   mild  nutty flavour,4,103
processed cheese cubes   made from cow s milk,4,87
yo pop flavoured yoghurt drink   banana,4,116
yo pop flavoured yogurt drink   vanilla,4,116
enrobed cinnamon milk chocolate dipped cookies,4,121
blueberry cheese cake,4,178
chocolate cheese cake   eggless,4,178
french heart,4,103
rusk   suji   elaichi      g   tgl co kadak masala chai tea bag     g,4,109
malai fresh paneer,4,4
  minute instant noodles   masala,5,6
  minute noodles masala   made with quality spices  rich in fibre,5,6
masala   minute instant noodles,5,6
idly dosa batter,5,7
frozen green peas,5,11
oats breakfast cereal   rich in protein  dietary fibre  nutritious  easy to cook,5,27
oats   multigrain  breakfast cereal  rich in fibre   calcium  good for heart,5,27
rolled oats   rich in protein  nutritious  easy to cook,5,27
chocos   moons   stars,5,49
green peas,5,11
frozen sweet corn   preservative free  fresh   juicy kernels,5,11
chocolate home   treats pack,5,58
chocolate home treats pack      g     units,5,58
     pure honey,5,33
all in one mixture,5,65
namkeen   all in one mixture,5,65
tomato ketchup   classic blend  rich   thick condiment,5,66
dark fantasy   choco fills,5,70
tasty peanuts   spice coated,5,65
namkeen   tasty nut masala coated,5,65
  star chocolate home pack      g     units,5,58
  minute breakfast   poha,5,7
noodles   curry veg,5,6
pure honey,5,33
mad angles   achaari masti crunchy triangle chips perfect for snacking,5,65
bingo mad angles   achaari masti,5,75
mad angles   achaari masti  crunchy triangle chips  perfect for snacking,5,75
chocolate syrup,5,78
classic tomato chilli,5,75
namkeen moong dal namkeen all in one mixture tasty masala coated peanuts      g ,5,65
muesli   with    added sugar,5,82
potato chips   cream   onion  crispy   crunchy  pack for snacks,5,75
farmlite biscuit   cookies oats   almonds,5,89
farmlite biscuit   oats   almonds,5,89
     pure honey      g   oats    kg,5,33
muesli breakfast cereal   with multigrain       fruit   nut,5,82
     pure honey    kg   corn flakes classic      g,5,33
tiger krunch   chocochip biscuits  teatime snack,5,79
waffy wafers   vanilla flavoured  creamy   crunchy,5,70
namkeen   aloo bhujia,5,65
aloo bhujia,5,65
khatta meetha,5,65
namkeen   khatta meetha,5,65
penne pasta,5,98
waffy wafers   strawberry flavoured  creamy   crunchy,5,70
khara boondi,5,65
namkeen   khara boondi,5,65
waffy chocolate flavoured wafer roll   creamy,5,70
waffy wafers   pineapple flavoured  creamy   crunchy,5,70
rings   tomato twist,5,75
farmlite biscuit   oats   raisins,5,89
quinoa muesli   with nuts   seeds,5,82
handmade bhujia sev namkeen aloo bhujia mint masala namkeen khatta meetha     g ,5,65
cookies   chocolate chip,5,79
red velvet sandwich biscuit   limited edition  yummy treat,5,70
chocobakes choc filled cookies biscuits   family pack,5,70
cookies   assorted flavours  tasty teatime snack,5,79
namkeen   aloo bhujia      g   khatta meetha      g   moong dal      g,5,65
perk   chocolate  home treats,5,58
oats breakfast cereal  rich in protein  dietary fibre  nutritious  easy to cook,5,27
dipped cookie     g   chocobakes choc filled cookies biscuits family pack     g,5,70
cookies   honey oatmeal,5,79
muesli       nuts delight  multigrain breakfast cereal  high in iron   fibre  naturally cholesterol free,5,82
little millet noodles   no maida  not fried,5,6
potato chips   indian masala,5,75
oreo   vanilla  jumbo pack,5,70
potato stix   aloo chat,5,75
good day chocochip cookies,5,79
millet pancake combo   banana  chocolate  blueberry   classic      g each ,5,7
elbow pasta,5,98
foxtail millet noodles   no maida  not fried,5,6
puff   pastry sheet,5,114
bb royal organic  kashmir honey      g   emperia green tea   honey lemon     g,5,33
organic himalayan kashmir honey,5,33
royal organic wild honey    g indisecrets organic tea infusion  pure tulsi   g,5,33
nutrition energy bar   almonds   raisins,5,119
rava idli instant mix,5,7
organic homestyle mixed veg pickle   north style  no added preservatives  tangy   spicy,5,120
gems home treats pack,5,122
puff sheet squares,5,114
nutrition energy bar   dates   walnut,5,119
gooddiet quinoa muesli nuts   seeds    g   jus amazin organic peanut butter    g,5,82
breakfast   multi millet muesli with fruits nuts   berries,5,82
nutrition energy bar   pumpkin seeds   cranberries,5,119
dark fantasy   choco creme  made with real chocolate,5,70
green chilli sauce,5,125
premium wafer bites   orange     g   hazelnut     g   cappucino     g,5,70
organic jamun honey,5,33
red chilli sauce,5,125
jeera cookies,5,79
sugar free butter cookies,5,79
mini samosa,5,65
premium wafer bites   strawberry,5,70
five famous authentic kerala snacks,5,65
potato chips   classic salted,5,75
instant veggie upma with vegetables,5,7
eggless premium vanilla cake mix,5,78
premium wafer bites   orange,5,70
eggless premium chocolate cake mix,5,78
millet dosa mix   supergrains   spinach,5,7
millet dosa mix   supergrains   beetroot,5,7
most popular authentic indian mixtures,5,65
besan laddoo   pure ghee preparation   traditional indian sweet,5,131
dry fruit kachori,5,65
moong dal pista laddoo   made in pure ghee,5,131
chicken overload pizza,5,133
maharashtra masala corn chivda   crispy,5,65
nutrition energy bar   gojiberry  blackcurrant   cashews,5,119
  min yum pasta   with red sauce,5,134
waffy strawberry flavoured rolls   creamy,5,70
desi chat combo,5,135
peanut butter   crunchy       natural  unsweetened  no added sugar ,5,136
five famous authentic madhya pradesh snacks,5,65
amazing spicy mint sauce,5,135
nutrition energy bar   tropical mango  ginger   sesame seeds,5,119
refresh   coconut lime bar  plant based protein  instant energy,5,119
mumbai schezwan mayhem   pungent   spicy flavour,5,135
alfredo pasta sauce,5,66
multigrain strawberry fills breakfast cereal   high protein  fibre power,5,122
milk choco spread,5,136
cashew badam cookies,5,79
cooking paste   hyderabadi biryani  ready to cook indian paste  no preservatives,5,143
tomato ketchup   tangy flavour,5,66
jeera papad   big  fresh   cripsy  traditional taste,5,145
papad   punjabi masala special,5,145
angoori petha,5,151
centre filled choco kiss cookies,5,79
white choco cashew nutty cookies,5,79
muesli wholegrain breakfast   rich in fibre   protein  zero sugar added  coffeeluv,5,82
fish pickle,5,157
nutrify honey roasted oats with peanut butter  almonds   cranberries   premium granola,5,136
instant multigrain rava dosa ready mix   millets   more  kodo  little millet   jowar,5,7
fruit fills   apple flavour  made with healthy  nutritious ingredients  soft,5,79
choco spread calcium  hazelnut spread  uses premium chocolate,5,136
choco spread crunchy quinoa  hazelnut spread  uses premium chocolate,5,136
green chilly sabudana papad,5,145
mint sabudana papad,5,145
masala french fries   chilli garlic,5,114
baguette   garlic bread,5,114
waffy kulfi flavoured wafer roll   creamy  crunchy,5,70
pasta   elbow macaroni,5,98
corn flakes   with real almonds   honey  fibre rich breakfast,5,164
pasta   penne,5,98
spaghetti pasta   durum wheat,5,98
sriracha chilli sauce   enhances flavour,5,125
multi grain chocolate cake mix   wheat   maida free,5,78
crunchy muesli   oat clusters with raisins  gluten free  healthy breakfast,5,82
chocolate essence,5,78
strawberry essence,5,78
namkeen   indori poha mixture  teatime snack,5,65
kerala rice namkeen murukku   crispy,5,65
tomato ketchup,5,66
veg hakka noodles   authentic chinese  hygienic   non sticky,5,168
indian wheat cracker   ajwain bhakhri,5,65
indian wheat cracker   jeera bhakhri,5,65
snacks   spice mania,5,75
organic wild forest honey   nmr tested       pure,5,33
premium malabar paratha,5,129
spinach cheese pockets,5,114
soya shami kebab,5,114
oozy cheesy   corn bite,5,114
quinoa patty,5,114
desi szechwan chutney,5,135
organic homestyle ginger pickle   north style  no added preservatives,5,120
corn flakes plus   original   healthier,5,164
amori pasta   goodness of chickpea  red lentil   brown rice  high protein   fibre,5,98
berry crunch breakfast cereal   ragi stars   moons  healthy millet  no maida sugar,5,49
oatmeal digestive cookies,5,89
super food millet mexican salsa khichdi   ready to cook  rich in protein,5,7
health drink   millet vita,5,7
oats pongal,5,7
little millet pongal,5,7
poha instant mix,5,7
special salted cashews    protein rich  gluten free  healthy snack,5,65
samosa dough sheet,5,114
cocoa nut hazelnut chocolatey spread,5,136
natural honey   multiflora,5,33
superstar bombay sandwich chutney   tangy   spicy,5,135
masala chicken momos     pcs   chicken darjeeling momos     pcs,5,133
dairy milk bites   almonds  roasted   chocolate coated  rich   luscious dessert,5,58
indian snack box   authentic   traditional style,5,65
chef chilli chinese gravy,5,143
schezwan stir fry sauce,5,66
milk cookies,5,79
oats dalia        natural  whole grain  rich in protein   fibre  healthy,5,27
steel cut oats        natural  whole grain  rich in protein   fibre  healthy,5,27
original extra virgin olive oil,6,10
extra virgin olive oil,6,10
california almonds,6,36
cashews   whole       natural premium,6,38
nacho chips   jalapeno,6,39
nacho chips   cheese,6,39
almond badam californian    g   indian raisins    g   cashew w        g,6,36
durum wheat pasta   spaghetti,6,32
     natural premium californian almonds,6,36
durum wheat pasta   farfalle,6,32
almond badam californian    g   cashew kaju whole    g,6,36
extra light olive oil,6,73
nacho chips   peri peri,6,39
ragi sticks   achari masala,6,77
durum wheat pasta   macaroni,6,32
strawberry conserve,6,80
roasted almond barks   snacking chocolate,6,81
premium international queen kalmi dates,6,36
sliced jalapenos,6,86
quinoa puffs   spicy garlic,6,77
happychef      durum wheat pasta spaghetti    g   knorr pizza pasta sauce    g,6,32
fruit seeds nuts snacks,6,38
dry fruit mix,6,36
mixed fruit,6,36
nacho chips   sweet chilli,6,39
sweet   salty dry fruit munchies,6,36
organic cold pressed virgin coconut oil,6,94
pasta   penne whole wheat,6,32
black chia seeds,6,36
seeds mix,6,38
     pure cocoa butter premium chocolates,6,97
white quinoa grains,6,99
mini quinoa puffs   cheese  n  herbs,6,77
amla candy,6,36
amla dry fruit,6,36
canola oil,6,101
multigrain puffs   butter makhana,6,77
pasta   fusilli whole wheat,6,32
happychef      durum wheat pasta macaroni    g   knorr pizza pasta sauce    g,6,32
  g whey protein bar   double chocolate caramel,6,100
roasted chana jor   lime,6,77
multigrain chips   sour cream   onion,6,77
fruits   nuts,6,36
pitted black olives,6,86
multigrain balls   chilli chataka,6,77
     natural premium californian inshell walnut,6,36
dark baking bar,6,112
assorted gift box   pure belgian chocolate truffles,6,97
pizza topping,6,86
dry fruit strawberry,6,36
milk chocolate bar   pure belgian,6,97
pasta   quinoa,6,32
happychef durum wheat pasta penne rigate    g   knorr pizza pasta sauce    g,6,32
  g whey protein bar   kesar almond fudge,6,100
ancient red rice,6,99
dry fruit mango   vegan,6,36
     durum wheat pasta   fusilli,6,32
multi millet muesli   with fruits  nuts   berries,6,100
multigrain puffs   tangy tomato,6,77
happychef      durum wheat pasta fusilli     g   knorr pizza pasta sauce    g,6,32
pasta   multi millet,6,32
durum wheat pasta   fusilli,6,32
premium californian roasted   salted pistachios   value pack,6,36
no added sugar   pure belgian white chocolate,6,97
multigrain bread chips   chilli orange,6,77
     belgian dark chocolate   with apricot      cocoa solids,6,97
happychef durum wheat pasta farfalle    g   knorr pizza pasta sauce    g,6,32
dry fruit apricot,6,36
thin whole wheat hakka noodles        atta  for restaurant style asian food,6,127
durum wheat pasta   kids  pink,6,32
premium veg mayo dip   spread,6,83
raisins dark chocolate bar   pure belgian,6,97
dry fruit pineapple,6,36
premium hakka noodles   thin cut       veg  soft  silky texture,6,127
durum wheat kidz pasta   blue,6,32
     belgian milk chocolate   sea salt      cocoa solids,6,97
crunchy caramel   pure belgian milk chocolate,6,97
dry fruit black grape,6,36
classic sultan dates,6,36
sweet potato chips   mexican twist flavour      less fat,6,39
kashmiri kahwa green tea   provides glowing skin   boosts immunity,6,137
natural peanut butter   unsweetened  high in protein  creamy  helps manage weight,6,140
seedless black raisins   afghani  premium quality  no cholesterol,6,36
choco spread   almond,6,36
almond butter   unsweetened  creamy  rich in antioxidant  protein   fibre  lactose free,6,80
figaro olive oil  pure olive oil ideal for indian dishes  imported from spain     ml tin,6,73
figaro olive oil  pure olive oil daily cooking oil  perfect for indian dishes  curries  gravy  imported from spain   l tin,6,73
figaro olive oil  pure olive oil daily cooking oil  perfect for indian dishes  curries  gravy  imported from spain   l tin,6,73
roasted jowar flakes mixture   tomato  n  mint,6,77
ayurveda mix triphala herbal tea   boosts immunity,6,137
turmeric water elixir  traditional spice blend   high curcumin lakadong turmeric,6,144
monofloral nectar honey from himalayas   litchi flowers,6,146
multifloral little bee honey   sidr   sullia wild honey  kids edition,6,146
candy with goodness of desi ghee   premium quality,6,97
nilgiri green tea   taizen cinnamon       natural  loose leaf,6,137
nilgiri green tea   yakuso tulsi       natural  loose leaf,6,137
red velvet cake mix,6,126
green tea   with peppermint leaves  grown fresh,6,137
green tea   with rose petals,6,137
snacks   roasted melon n flaxseeds,6,77
sweet cherries   iqf,6,36
momo hot sauce,6,154
jalapeno lime seasoning   contains organic spices,6,156
pineapple dark chocolate crispies,6,81
munakka raisins   rich in antioxidants   vitamins  slows premature ageing,6,36
eggless mithai macarons,6,81
turkish baklava,6,81
hi protein slim meal shake   coffee   caramel     servings,6,144
hi protein slim meal shake   pistachio   almond     servings,6,144
roasted flaxseed   black salt,6,77
roasted chana red dal   split masala,6,77
roasted diet snack   chilli lime,6,77
potato chips   simple snack  original flavour,6,39
classic white chocolate crispies,6,81
ashwagandha green tea   boosts immunity,6,137
     pure olive oil,6,73
chamomile tea bags,6,137
coconut water with mango,6,159
coconut water with pink guava,6,159
coconut water with pineapple,6,159
creamy peanut butter,6,140
effervescent tablets   melatonin sleep  enhances focus  stress relief  cranberry flavour,6,144
baked beans in rich tomato sauce,6,102
olive leaf infusion   olive   basil leaves,6,137
apple cider vinegar,6,161
immune warrior immunity booster green tea,6,137
miracle mint tea,6,137
south african rooibos tea,6,137
assorted hot brew bags   high quality arabica beans blend  easy to use,6,162
organic chia seeds   raw  unroasted  rich in omega    fibre  protein,6,38
sweet potato chips   cheese please flavour      less fat,6,39
darjeeling oolong tea   tapas  may help in managing weight,6,137
amla   mint herbal infusion,6,137
taco seasoning chicken,6,156
naan chips   tez tandoori,6,39
organic cold pressed coconut oil,6,94
spicy fat free refried beans,6,102
kimaya white tea   provides glowing skin,6,137
moringa   mint herbal infusion,6,137
english breakfast tea   provides energy,6,137
kumud oolong tea   helps to manage weight,6,137
premium kacha aam candy   provides freshness  tangy   sweet taste,6,165
roasted   salted   pistachios,6,38
impatient baker   easy pizza dough mix  easy to make,6,126
arrabbiata pasta sauce with black olives,6,154
nilgiri black tea   hozo orange pekoe       natural  loose leaf,6,137
global darjeeling oolong tea   tapas       natural  freshest leaves,6,137
assam black tea bags,6,137
coffee white chocolate crispies,6,81
potato chips  african peppers flavour      less fat,6,39
flour tortillas,6,39
peanut butter smooth   rich in protein  no cholesterol   gluten free,6,140
premium international healthy nutmix,6,36
multifloral nectar honey   forest flowers  rich in minerals  builds immunity,6,146
effervescent tablets   green tea lean  antioxidants rich  detoxifying   tulsi flavour,6,144
chips   pita  parmesan and mediterranean,6,39
chips   pita  jalapeno,6,39
red currant   iqf,6,36
spice green tea with ashwagandha,6,144
baby gherkins,6,86
coffee   provides strength  latte flavour,6,162
sauce   sweet chill   sugar free ,6,154
figaro extra virgin olive oil       natural and cold extracted  perfect for salad  paratha  marinade   imported from spain     ml bottle,6,10
impatient baker   eggless chewy chocolate cookie mix  easy to bake,6,126
pineapple green tea   helps to detox,6,137
nuts   seeds bar   cranberry   almond,6,100
toasted millet muesli fig   honey with salted pistachios,6,152
toasted millet muesli dark chocolate   orange peel,6,152
olive leaf infusion   olive   lemongrass,6,137
olive leaf infusion   olive   mint leaves,6,137
    mild dark chocolate with amazon pink pepper,6,81
crunchy dark chocolate peanut butter   sweet   salty  protein rich,6,140
pink salt grinder,6,171
cashew brittle   with jaggery,6,81
marinade sauce   medium peri peri,6,154
basil hummus dip   spread,6,88
assorted crispy treats,6,81
natural raw adivasi honey   boosts immunity,6,146
coated nuts almonds covered with milk choco,6,97
chipotle mayo   light   creamy  made with fresh ingredients,6,154
tea bags   peach apricot,6,137
chatpata rajma chips,6,77
oats bhujia   jalape o,6,77
raagi bhujia   heeng jeera,6,77
fruit drink   juicy apple  with the goodness of malt,6,175
strawberry green tea,6,137
gourmet popcorn kernels   gluten free  fresh   crunchy,6,38
    dark chocolate   signature blend multi origin,6,97
honey,6,146
coffee delight,6,162
rose glow black tea make brew iced tea or hot tea,6,137
no added sugar protein bar with whey   almond   hazelnut  provides energy,6,100
effervescent tablets   apple cider vinegar  vitamins   antioxidants rich  for immunity  gut health  green apple flavour,6,144
szechwan original sauce,6,154
roasted nutri mixture   lime,6,77
roasted sprouted mixture   plain,6,77
roasted quinoa puff   jalapeno,6,77
apple cider vinegar with mother   honey,6,161
sugarless multigrain protein cookies   crispy  crunchy,6,77
kadha green tea   boosts immunity,6,137
chocolate hazelnut spread,6,140
green tea extract   antioxidant powder with egcg,6,137
sephra fruit center filled choco assortments ,6,165
wellness tea assortment tea bags box,6,137
impatient baker   eggless fudge brownie mix  easy to bake,6,126
assam masala chai tea   provides energy,6,137
multigrain atta        natural  goodness of   grains  chakki ground  healthy,6,126
organic white quinoa        natural  rich in protein  gluten free,6,99
organic tricolor quinoa        natural  rich in protein  gluten free,6,99
organic chia seeds         natural  rich in omega     antioxidants  superfood,6,38
orange   mango oolong tea bags make brew iced tea or hot tea,6,137
durum wheat pasta   elbow macaroni,6,32
organic apple cider vinegar with amla  turmeric  cinnamon   black pepper  usda certified,6,161
olive oil,6,73
farm quail eggs   table tray  medium  antibiotic residue free,1,1
quail eggs   regular,1,1
